{
  "n_features": 8,
  "degree": 2,
  "basis_functions": [
    "x4",
    "x7",
    "x0^2",
    "x0 x1",
    "x0 x4",
    "x0 x5",
    "x0 x6",
    "x0 x7",
    "x1^2",
    "x1 x2",
    "x1 x4",
    "x1 x5",
    "x1 x6",
    "x1 x7",
    "x2^2",
    "x2 x4",
    "x2 x5",
    "x2 x6",
    "x2 x7",
    "x3 x4",
    "x3 x7",
    "x4 x5",
    "x4 x6",
    "x4 x7",
    "x5^2",
    "x5 x6",
    "x5 x7",
    "x6^2",
    "x6 x7",
    "x7^2"
  ],
  "coefficients": [
    0.0007507138805128703,
    -0.002494437185744505,
    -0.01663987081997719,
    0.0019750189082343365,
    3.9356591172816294e-05,
    -0.004726830034628061,
    0.006291746002505215,
    -0.003109762528408074,
    0.000504481159265758,
    0.00016370859862504766,
    4.558738932385649e-06,
    -0.0011805721247035712,
    -0.0004598939384549338,
    6.921083833835178e-05,
    0.000541709561648538,
    -4.105724794294126e-05,
    0.008757778611671563,
    -0.004881405423151507,
    -0.00012769138038823446,
    1.6165455968098614e-05,
    -0.004598125175067331,
    8.998317445729662e-06,
    -9.837593386206842e-06,
    3.6421469412510514e-06,
    6.828248081214607e-05,
    0.0038948557991828597,
    0.0019082872962310614,
    -0.0006486504136566042,
    -0.00010976839004143787,
    4.250482303616205e-05
  ]
}