{
  "n_features": 8,
  "basis_functions": [
    "1",
    "x0",
    "x1",
    "x2",
    "x3",
    "x4",
    "x5",
    "x6",
    "x7",
    "x0^2",
    "x0 x1",
    "x0 x2",
    "x0 x3",
    "x0 x4",
    "x0 x5",
    "x0 x6",
    "x0 x7",
    "x1^2",
    "x1 x2",
    "x1 x3",
    "x1 x4",
    "x1 x5",
    "x1 x6",
    "x1 x7",
    "x2^2",
    "x2 x3",
    "x2 x4",
    "x2 x5",
    "x2 x6",
    "x2 x7",
    "x3^2",
    "x3 x4",
    "x3 x5",
    "x3 x6",
    "x3 x7",
    "x4^2",
    "x4 x5",
    "x4 x6",
    "x4 x7",
    "x5^2",
    "x5 x6",
    "x5 x7",
    "x6^2",
    "x6 x7",
    "x7^2",
    "x7^3",
    "log1p_x7",
    "exp_x7",
    "sin_x7",
    "x5^3",
    "log1p_x5",
    "exp_x5",
    "sin_x5",
    "x6^3",
    "log1p_x6",
    "exp_x6",
    "sin_x6",
    "x0^3",
    "log1p_x0",
    "exp_x0",
    "sin_x0",
    "x4^3",
    "log1p_x4",
    "exp_x4",
    "sin_x4",
    "x1^3",
    "log1p_x1",
    "sin_x1",
    "x3^3",
    "log1p_x3",
    "exp_x3",
    "sin_x3",
    "x2^3",
    "log1p_x2",
    "exp_x2",
    "sin_x2"
  ],
  "coefficients": [
    0.6143257021903992,
    0.5175060033798218,
    0.31081512570381165,
    -0.0050317212007939816,
    0.012595921754837036,
    0.3654926121234894,
    0.79938143491745,
    -1.2186648845672607,
    -1.7392064332962036,
    -0.003957491368055344,
    0.003273208159953356,
    -0.02338467538356781,
    -0.011056697927415371,
    0.019075412303209305,
    -0.07732127606868744,
    -0.033318810164928436,
    -0.004838588647544384,
    1.7163959000754403e-06,
    -0.011033721268177032,
    0.0036728240083903074,
    0.012360499240458012,
    -0.061250265687704086,
    -0.004613887518644333,
    -0.005608385428786278,
    0.01746361516416073,
    -0.03330704942345619,
    -0.012151414528489113,
    0.051528096199035645,
    -0.007753999903798103,
    -0.020070888102054596,
    0.0079053845256567,
    0.0038228416815400124,
    -0.053738001734018326,
    -0.019617300480604172,
    0.03389540687203407,
    -0.0019328519701957703,
    -0.05021269991993904,
    -0.006217766087502241,
    -0.00045415532076731324,
    -0.11817851662635803,
    0.11799650639295578,
    0.13052316009998322,
    0.01851653680205345,
    0.07212506234645844,
    0.07937868684530258,
    -0.00046979202306829393,
    0.4653601348400116,
    -3.939253292628564e-05,
    0.05213240161538124,
    0.001001079916022718,
    -0.447738915681839,
    0.0002858880325220525,
    -0.8077652454376221,
    0.001244635321199894,
    0.3609466850757599,
    6.0328562540235e-05,
    -0.049206651747226715,
    -0.00024170441611204296,
    0.18585526943206787,
    -2.932646111730719e-06,
    -0.0023169154301285744,
    -0.00012429528578650206,
    0.17971375584602356,
    2.6137564418604597e-05,
    -0.0009967262158170342,
    -0.00021751377789769322,
    0.21478724479675293,
    0.0003170318086631596,
    0.00011246097710682079,
    0.13939136266708374,
    2.5290379198850133e-05,
    -0.002342900959774852,
    4.064443055540323e-05,
    0.26320981979370117,
    5.282077472656965e-05,
    0.004536452703177929
  ]
}