{
  "n_features": 8,
  "basis_functions": [
    "1",
    "x0",
    "x1",
    "x2",
    "x3",
    "x4",
    "x5",
    "x6",
    "x7",
    "x0^2",
    "x1^2",
    "x2^2",
    "x3^2",
    "x4^2",
    "x5^2",
    "x6^2",
    "x7^2",
    "x7 x6",
    "x4 x3",
    "x2 x0",
    "x1 x5",
    "x5^3",
    "log1p_x5",
    "exp_x5",
    "sin_x5",
    "x7^3",
    "log1p_x7",
    "exp_x7",
    "sin_x7",
    "x6^3",
    "log1p_x6",
    "exp_x6",
    "sin_x6",
    "x1^3",
    "log1p_x1",
    "exp_x1",
    "sin_x1",
    "x3^3",
    "log1p_x3",
    "exp_x3",
    "sin_x3",
    "x2^3",
    "log1p_x2",
    "exp_x2",
    "sin_x2",
    "x4^3",
    "log1p_x4",
    "exp_x4",
    "sin_x4",
    "x0^3",
    "log1p_x0",
    "exp_x0",
    "sin_x0"
  ],
  "coefficients": [
    0.3843212425708771,
    0.06936433166265488,
    0.2888670265674591,
    0.2916223406791687,
    -0.27907794713974,
    0.12945540249347687,
    -5.3416666984558105,
    -1.3261538743972778,
    -1.590329647064209,
    -0.02582126297056675,
    -0.004314220044761896,
    -0.008900798857212067,
    -0.0157236997038126,
    -0.0076616425067186356,
    0.31209415197372437,
    -0.002106879837810993,
    0.0560295432806015,
    0.01349022425711155,
    -0.0012046260526403785,
    0.01724546030163765,
    -0.06414784491062164,
    -0.0022899846080690622,
    8.074202537536621,
    0.00010566107084741816,
    0.4468704164028168,
    -0.0005382394883781672,
    0.7350379228591919,
    -5.127186523168348e-05,
    0.005522892344743013,
    -0.00020533680799417198,
    0.29170700907707214,
    -1.8888509657699615e-05,
    0.0047258371487259865,
    6.085937638999894e-05,
    0.652069628238678,
    -1.3991142623126507e-05,
    -0.007084684446454048,
    0.0001185164728667587,
    0.7838826179504395,
    -4.6688153815921396e-05,
    -0.0027145552448928356,
    0.0001570682943565771,
    0.8524996638298035,
    1.951083686435595e-05,
    0.004162279423326254,
    3.459297295194119e-05,
    0.6569918394088745,
    3.067982106585987e-05,
    0.0015354369534179568,
    0.00022455622092820704,
    0.6270062923431396,
    5.905938451178372e-06,
    0.04801974818110466
  ]
}