{
  "n_features": 8,
  "degree": 2,
  "basis_functions": [
    "x1",
    "x4",
    "x7",
    "x0^2",
    "x0 x1",
    "x0 x4",
    "x0 x5",
    "x0 x6",
    "x0 x7",
    "x1^2",
    "x1 x2",
    "x1 x4",
    "x1 x5",
    "x1 x6",
    "x1 x7",
    "x2^2",
    "x2 x4",
    "x2 x6",
    "x2 x7",
    "x3 x4",
    "x3 x7",
    "x4 x5",
    "x4 x6",
    "x4 x7",
    "x5^2",
    "x5 x6",
    "x5 x7",
    "x6^2",
    "x6 x7",
    "x7^2",
    "x0^3",
    "exp_x0",
    "x1^3",
    "exp_x1",
    "exp_x5",
    "sin_x5",
    "x6^3",
    "exp_x6",
    "x2^3",
    "exp_x2"
  ],
  "coefficients": [
    0.02854657635893283,
    0.00044597568014180755,
    -0.004879340605163909,
    0.050722883401073546,
    0.002758237555078767,
    3.309982062882897e-05,
    0.004725576983115464,
    0.004786782544738339,
    -0.0004993287716691605,
    -0.0010711916207936894,
    -0.0005875909999533171,
    4.2112861168150725e-06,
    -0.00039634542689430727,
    -0.00032261905717013517,
    -5.3866103473029673e-05,
    0.002203017082893326,
    -3.6363119390843055e-05,
    -0.004196347083034505,
    7.867293154414774e-05,
    5.360336911809415e-05,
    -0.002867791168452706,
    1.1847702944910949e-05,
    -2.2280244685206025e-06,
    3.0914160872064636e-06,
    0.0002044079115984101,
    0.00011971632140339072,
    0.0012408876073211554,
    0.00027845158741041245,
    -7.223328567162065e-05,
    2.0795048720776247e-05,
    -0.0032199453770220252,
    -2.2208237719756326e-05,
    1.5939801265908784e-05,
    -1.275713701294817e-06,
    4.792102141239522e-05,
    0.2736410725194799,
    -1.9755883001028307e-05,
    1.1945825255266369e-05,
    -8.98276571769148e-06,
    1.6538481370971387e-05
  ]
}