{
  "n_features": 8,
  "basis_functions": [
    "x1",
    "x4",
    "x7",
    "x0^2",
    "x0 x1",
    "x0 x4",
    "x0 x5",
    "x0 x6",
    "x0 x7",
    "x1^2",
    "x1 x2",
    "x1 x4",
    "x1 x5",
    "x1 x6",
    "x1 x7",
    "x2^2",
    "x2 x4",
    "x2 x5",
    "x2 x6",
    "x2 x7",
    "x3 x4",
    "x3 x7",
    "x4 x5",
    "x4 x7",
    "x5^2",
    "x5 x6",
    "x5 x7",
    "x6^2",
    "x6 x7",
    "x7^2",
    "exp_x5",
    "sin_x5",
    "x3^3",
    "exp_x3",
    "x0^3",
    "exp_x0",
    "x1^3",
    "exp_x1",
    "x6^3",
    "exp_x6"
  ],
  "coefficients": [
    0.02069310499835157,
    0.000485825018841993,
    -0.005483813279385005,
    0.05500820816852138,
    0.0033288348412739105,
    1.2359590056813475e-05,
    0.0045275855136332034,
    0.0023455803874538016,
    -0.0001172336964971025,
    -0.0007654289887025239,
    -0.000692442326301734,
    1.2561568199607826e-06,
    -0.0007551835134937041,
    -0.00024940398194857495,
    -5.588438209920911e-05,
    0.002371060913733594,
    -2.532602112234378e-05,
    -9.372699009623086e-05,
    -0.003313655243211897,
    0.00018456127013066252,
    -8.678842283706871e-06,
    -0.0034657058760031,
    1.4045680138618267e-05,
    3.4394264352034407e-06,
    0.00017429821418898513,
    0.0004557641722717344,
    0.0011883017670416083,
    0.00024350754858681759,
    -7.400418629416592e-05,
    1.969671340438001e-05,
    3.842816512038594e-05,
    0.13532412568588184,
    -0.0018317144786584667,
    -3.699372692505212e-05,
    -0.00334156564189923,
    -1.3384768780313506e-06,
    1.186399771133913e-05,
    -2.483104042765326e-06,
    -1.6557037717596876e-05,
    1.794301060087572e-05
  ]
}