{
  "n_features": 8,
  "basis_functions": [
    "x1",
    "x4",
    "x7",
    "x0^2",
    "x0 x1",
    "x0 x4",
    "x0 x5",
    "x0 x6",
    "x0 x7",
    "x1^2",
    "x1 x2",
    "x1 x4",
    "x1 x5",
    "x1 x6",
    "x1 x7",
    "x2^2",
    "x2 x4",
    "x2 x5",
    "x2 x6",
    "x2 x7",
    "x3 x4",
    "x3 x7",
    "x4 x5",
    "x4 x7",
    "x5^2",
    "x5 x6",
    "x5 x7",
    "x6^2",
    "x6 x7",
    "x7^2",
    "exp_x5",
    "sin_x5",
    "x3^3",
    "exp_x3",
    "x1^3",
    "x0^3",
    "exp_x0",
    "x6^3",
    "exp_x6"
  ],
  "coefficients": [
    0.02427066421113749,
    0.00044224545026724885,
    -0.004345389969413196,
    0.05290736464203294,
    0.002566279629699268,
    1.373484551631238e-05,
    0.0056874260335875405,
    0.0037173224673588755,
    -0.0004626466625225579,
    -0.0008352958267644955,
    -0.0005566388574568515,
    2.992369958178569e-06,
    -0.0008011096016958875,
    -0.00021839818425418915,
    -3.1649450141093645e-05,
    0.0025062632907301,
    -2.7496485617943084e-05,
    0.0008476159982126741,
    -0.003744501332121073,
    0.00018427938640430515,
    2.3503643930064566e-05,
    -0.0038517130159185678,
    1.2529894872607747e-05,
    3.759583103262374e-06,
    0.0001720744433122753,
    0.0002806847354195249,
    0.001148697274692437,
    0.00016051448928523768,
    -5.9669891806533556e-05,
    1.772065100790458e-05,
    4.470610519073823e-05,
    0.15832646545120735,
    -0.001905317504222433,
    -2.63762344239859e-05,
    1.245120182013057e-05,
    -0.003315350963902025,
    -1.1011199664224461e-05,
    -1.4824803973249556e-05,
    1.455419182523601e-05
  ]
}