{
  "n_features": 8,
  "degree": 2,
  "basis_functions": [
    "x4",
    "x7",
    "x0^2",
    "x0 x1",
    "x0 x4",
    "x0 x5",
    "x0 x6",
    "x0 x7",
    "x1^2",
    "x1 x2",
    "x1 x4",
    "x1 x5",
    "x1 x6",
    "x1 x7",
    "x2^2",
    "x2 x4",
    "x2 x5",
    "x2 x6",
    "x2 x7",
    "x3 x4",
    "x3 x7",
    "x4 x5",
    "x4 x6",
    "x4 x7",
    "x5^2",
    "x5 x6",
    "x5 x7",
    "x6^2",
    "x6 x7",
    "x7^2"
  ],
  "coefficients": [
    0.0005923744783918442,
    -0.002755363680757613,
    -0.004263310375368362,
    0.0022126802184032845,
    2.341025664421002e-05,
    -0.006217349220801589,
    0.0045249351803145575,
    -0.002352377899569921,
    0.00038804295463468067,
    -8.603411433300529e-05,
    2.368990990365055e-06,
    -0.00037493626393736554,
    -0.0005612936003353711,
    -3.0496865385832176e-06,
    0.0005738447551327815,
    -3.684557223014176e-05,
    0.0015350153055927055,
    -0.0032818743072064414,
    4.140083157098598e-06,
    3.102810912823491e-05,
    -0.004049142621851727,
    8.382674560242784e-06,
    -1.07682832479505e-05,
    2.4341333974690627e-06,
    3.3768730832381753e-05,
    0.0026722425986440133,
    0.0011083203711053334,
    -0.0007665011613453665,
    -0.00013327887484578462,
    4.892616972748662e-05
  ]
}