{
  "n_features": 4,
  "basis_functions": [
    "x0",
    "x1",
    "x0^2",
    "x0 x1",
    "x0 x2",
    "x0 x3",
    "x1^2",
    "x1 x3",
    "x2^2",
    "x2 x3",
    "x0^3",
    "exp_x0",
    "x1^3",
    "exp_x1",
    "x2^3",
    "exp_x2",
    "sin_x2"
  ],
  "coefficients_list": [
    [
      0.764095802309512,
      0.2686623000187942,
      0.03645513978931815,
      0.14877375930061876,
      -0.4496661363884993,
      -0.6088170093453836,
      1.1773649144349334,
      -0.056575919307506606,
      -0.43636077525280587,
      -0.21387447502313142,
      0.02970658361856534,
      -0.0008551685112167834,
      0.0,
      -0.17561748959680382,
      -0.007603526174699826,
      0.009874364864069372,
      0.6949623568764675
    ],
    [
      0.535579610298996,
      0.10171513509939709,
      0.1659873383227104,
      0.08385110552324804,
      -0.05152221574041634,
      -0.18315148651421614,
      0.16518085040406522,
      -0.0,
      -0.09438647732023461,
      -0.03072769241766081,
      -0.006243200096465803,
      -0.00037715945328427195,
      0.011856935431662115,
      -0.036627987549702215,
      -0.016206231702669934,
      0.00462299524659079,
      0.0
    ],
    [
      -0.9337402245911665,
      -0.3711035120201658,
      -0.09814117277028038,
      -0.13917170838707513,
      0.31195018503308614,
      0.5060850112202927,
      -0.8605934057021567,
      0.0,
      0.3438868720878567,
      0.18086175948998787,
      -0.016042288918978992,
      0.0006334228938642486,
      -0.00252516976331431,
      0.13297156684249228,
      0.012094501899002599,
      -0.00898852514031995,
      -0.29860622865806036
    ]
  ],
  "classes": [
    0,
    1,
    2
  ]
}