{
  "n_features": 4,
  "basis_functions": [
    "1",
    "x0",
    "x1",
    "x2",
    "x3",
    "x0^2",
    "x0 x1",
    "x0 x2",
    "x0 x3",
    "x1^2",
    "x1 x2",
    "x1 x3",
    "x2^2",
    "x2 x3",
    "x3^2",
    "x2^3",
    "log1p_x2",
    "exp_x2",
    "sin_x2",
    "x3^3",
    "log1p_x3",
    "exp_x3",
    "sin_x3",
    "x1^3",
    "log1p_x1",
    "exp_x1",
    "sin_x1",
    "x0^3",
    "log1p_x0",
    "exp_x0",
    "sin_x0"
  ],
  "coefficients_list": [
    [
      -0.0004199917893856764,
      -0.8404977321624756,
      1.4533201456069946,
      -2.757781982421875,
      -1.7509700059890747,
      0.030449992045760155,
      -0.05354556068778038,
      -0.03481895476579666,
      0.0116664357483387,
      -0.05869249254465103,
      0.14180554449558258,
      0.02552281878888607,
      -0.03282894939184189,
      0.05325603857636452,
      0.014571319334208965,
      -0.009417693130671978,
      0.00018935241678263992,
      0.00043391878716647625,
      0.7945212721824646,
      -0.012753871269524097,
      -0.00010215067595709115,
      0.00047630141489207745,
      0.8887920379638672,
      0.005555593874305487,
      -0.17089584469795227,
      -0.00018721008382271975,
      -0.3622324764728546,
      -0.006536564324051142,
      0.00022435215942095965,
      0.0002866665890906006,
      0.5244176387786865
    ],
    [
      0.5700507760047913,
      0.6803680658340454,
      -0.8365643620491028,
      -0.08973416686058044,
      -0.777535617351532,
      -0.015725143253803253,
      -0.09534529596567154,
      -0.18022511899471283,
      -0.1625811755657196,
      -0.032503850758075714,
      0.2184416502714157,
      0.11219874024391174,
      -0.14587849378585815,
      -0.14191968739032745,
      -0.03652019426226616,
      -0.009362982586026192,
      0.0003933953703381121,
      0.0010182908736169338,
      -0.002597163198515773,
      -0.00015336149954237044,
      0.23972979187965393,
      0.00012336295912973583,
      -0.0051697795279324055,
      -0.002571397926658392,
      0.28196510672569275,
      6.428095366572961e-05,
      0.0674491599202156,
      0.0032937165815383196,
      0.028741300106048584,
      -0.0006512068794108927,
      0.002569218399003148
    ],
    [
      -0.6366768479347229,
      -0.03846800699830055,
      -0.23316140472888947,
      3.1043319702148438,
      2.617130756378174,
      -0.054232407361269,
      0.16360121965408325,
      0.21334941685199738,
      0.15069083869457245,
      0.051823101937770844,
      -0.316954642534256,
      -0.12463762611150742,
      0.05722120404243469,
      -0.04493286460638046,
      -0.051460493355989456,
      0.010920020751655102,
      -0.16076549887657166,
      -0.0007575328927487135,
      -0.869927704334259,
      0.011674158275127411,
      -0.34061864018440247,
      -0.0004486168618313968,
      -0.9001572132110596,
      -0.006824657786637545,
      -0.19744102656841278,
      0.00039055239176377654,
      0.21514295041561127,
      0.000801662215963006,
      -0.11980164051055908,
      0.001142987166531384,
      -0.5421118140220642
    ]
  ],
  "classes": [
    0,
    1,
    2
  ]
}