{
  "n_features": 4,
  "basis_functions": [
    "x0",
    "x1",
    "x0^2",
    "x0 x1",
    "x0 x2",
    "x0 x3",
    "x1^2",
    "x1 x2",
    "x1 x3",
    "x2^2",
    "x2 x3",
    "x2^3",
    "exp_x2",
    "sin_x2",
    "x0^3",
    "exp_x0",
    "x1^3",
    "exp_x1",
    "x3^3"
  ],
  "coefficients_list": [
    [
      0.3452743886874824,
      0.0,
      0.03173989464936829,
      0.04716980215323791,
      -0.3814180270364431,
      -0.4806783877947178,
      0.857725669908966,
      -0.0,
      -0.02579032914445299,
      -0.38740125686996324,
      -0.20140419980208246,
      0.007034859500470909,
      0.006805479718320527,
      0.4501159289900405,
      0.03588755637995296,
      -0.0013806185667170645,
      0.0,
      -0.12713946465267045,
      -0.0
    ],
    [
      -0.0,
      -0.0,
      -0.008500589292178572,
      -0.0,
      0.30789191044615283,
      0.0,
      -0.36104565790648646,
      0.650592013820646,
      0.0,
      -0.14867041795282626,
      -0.19377879678895085,
      -0.07333307825612617,
      0.007380795047668964,
      -0.0,
      0.0027275853563864167,
      0.00010660062251163591,
      -0.017698873665567955,
      0.03096813221867002,
      -0.18719892064617305
    ],
    [
      -0.5764134890653988,
      -0.16834176631919814,
      -0.10497692770436153,
      -0.1405295172992001,
      0.16380133404004055,
      0.4121961102390328,
      -0.4262039628988797,
      -0.11820402264738006,
      0.0,
      0.3095889699774203,
      0.3194925460947059,
      0.0191475627338181,
      -0.008958492205368512,
      -0.0,
      -0.019533927378148526,
      0.0012478878324846173,
      -0.010203326959484447,
      0.0904044894297162,
      0.0
    ]
  ],
  "classes": [
    0,
    1,
    2
  ]
}