{
  "n_features": 4,
  "basis_functions": [
    "x0^2",
    "x0 x2",
    "x1^2",
    "x1 x2",
    "x2^2",
    "x2^3",
    "exp_x2",
    "x1^3",
    "exp_x1",
    "x3^3",
    "x0^3",
    "exp_x0"
  ],
  "coefficients_list": [
    [
      0.03724926424910364,
      -0.05259727306661849,
      0.05255083523684872,
      -0.0,
      -0.010803776688206097,
      -0.0,
      0.0019986555482121486,
      0.0,
      -0.005344147419520785,
      0.0,
      -2.5682292690555345e-05,
      -0.00039582311710629575
    ],
    [
      -0.00515856639052669,
      0.10538788485836102,
      -0.023060108978030593,
      0.06613730953432563,
      0.0,
      -0.022465065310542036,
      0.0017018401634013745,
      -0.005738093947090355,
      0.0,
      -0.029965548142518537,
      -0.0027066232595410328,
      0.00028759440917010845
    ],
    [
      0.0027699118210931404,
      -0.013786694317904951,
      0.0,
      -0.04648359095096893,
      -0.0,
      0.013047848170612159,
      -0.00105941456883258,
      0.005601155980849405,
      0.0,
      0.02721519303148541,
      0.0,
      -0.0003931405423185593
    ]
  ],
  "classes": [
    0,
    1,
    2
  ]
}