{
  "n_features": 4,
  "basis_functions": [
    "x0",
    "x1",
    "x2",
    "x0^2",
    "x0 x1",
    "x0 x2",
    "x0 x3",
    "x1^2",
    "x1 x2",
    "x1 x3",
    "x2^2",
    "x2 x3",
    "x2^3",
    "exp_x2",
    "sin_x2",
    "x0^3",
    "exp_x0",
    "exp_x1",
    "x3^3"
  ],
  "coefficients_list": [
    [
      0.7289450194194319,
      0.21118515030355256,
      -0.0,
      0.07110439981700556,
      0.12420476331132912,
      -0.5807064434543967,
      -0.37436094564021016,
      1.2227827402249667,
      -0.2917954482716249,
      -0.22343044141020227,
      -0.32779986415165707,
      -0.0,
      0.017477410839157232,
      0.007418452189927999,
      0.6538846351902418,
      0.03140644228087732,
      -0.0015117175628125853,
      -0.16953509952735946,
      0.046058549013039816
    ],
    [
      0.13185975635417582,
      0.0,
      0.010305006723744261,
      0.1551429627330006,
      0.054822706098359625,
      0.0765403466949516,
      -0.0,
      0.0,
      0.26318216509003856,
      -0.0,
      -0.10262788277085125,
      -0.2362376971532147,
      -0.049409971483400025,
      0.008540288016269382,
      -0.0,
      -0.0031504678575399007,
      -0.0008205917388990731,
      -0.015326841188404616,
      -0.0444291290868486
    ],
    [
      -0.9859324832484038,
      -0.33254941582997316,
      -0.0,
      -0.1274797299517993,
      -0.08547075832176962,
      0.35541956566831423,
      0.4369316987113194,
      -0.832869277986044,
      0.0,
      0.03246464131790388,
      0.37141445529223904,
      0.035363052493193714,
      0.01364067464318708,
      -0.010930589949950218,
      -0.3403750470471597,
      -0.022806049385017634,
      0.0015696397207397431,
      0.1269802571919514,
      -0.0
    ]
  ],
  "classes": [
    0,
    1,
    2
  ]
}