{
  "n_features": 4,
  "degree": 2,
  "basis_functions": [
    "x0",
    "x1",
    "x0^2",
    "x0 x1",
    "x0 x2",
    "x0 x3",
    "x1^2",
    "x1 x2",
    "x1 x3",
    "x2^2",
    "x2 x3",
    "x0^3",
    "exp_x0",
    "x2^3",
    "exp_x2",
    "sin_x2",
    "x1^3",
    "exp_x1",
    "x3^3"
  ],
  "coefficients_list": [
    [
      0.3817243781976708,
      0.09517912773239569,
      0.0495606117197967,
      0.19408740407488345,
      -0.5447732400273855,
      -0.6076452973000706,
      1.3528118920297658,
      -0.055132552273735536,
      -0.23193206881399803,
      -0.39167733230507185,
      -0.03666433015366374,
      0.03891837484977524,
      -0.0012568256924403369,
      -0.017890009972224185,
      0.011272314096255138,
      0.896087074198474,
      0.0,
      -0.21836790163087552,
      0.010699990733544688
    ],
    [
      0.3780472553679084,
      0.039901435559248195,
      0.14506532349724555,
      0.11499673414564734,
      -0.07721044583911255,
      -0.23497501138001495,
      0.2221502487996211,
      0.0,
      -0.0,
      -0.11545786512057449,
      -0.049336502873079245,
      -0.001718348431473413,
      -0.0003851179314472626,
      -0.020635215204677596,
      0.0054471450619155565,
      0.0,
      0.021386324848126272,
      -0.05920733741809298,
      -0.0
    ],
    [
      -0.8402670528007091,
      -0.3422008581356734,
      -0.14996855160186173,
      -0.15734222800877756,
      0.2890328982847566,
      0.5113636109090683,
      -0.8053109448085318,
      -0.0,
      0.0,
      0.2911904778649279,
      0.10098782343304767,
      -0.015285997880664712,
      0.0008484683438438212,
      0.02317325236875291,
      -0.010095937019060341,
      -0.13199443262360758,
      -0.00037248414370727754,
      0.13467519522210605,
      -0.0
    ]
  ],
  "classes": [
    0,
    1,
    2
  ]
}