{
  "n_features": 4,
  "basis_functions": [
    "1",
    "x0",
    "x1",
    "x2",
    "x3",
    "x0^2",
    "x1^2",
    "x2^2",
    "x3^2",
    "x0 x2",
    "x3 x1",
    "x2^3",
    "log1p_x2",
    "exp_x2",
    "sin_x2",
    "x3^3",
    "log1p_x3",
    "exp_x3",
    "sin_x3",
    "x1^3",
    "log1p_x1",
    "exp_x1",
    "sin_x1",
    "x0^3",
    "log1p_x0",
    "exp_x0",
    "sin_x0"
  ],
  "coefficients_list": [
    [
      0.00011653828551061451,
      -0.8400783538818359,
      1.4239609241485596,
      -2.7527666091918945,
      -1.7055449485778809,
      0.03671370819211006,
      -0.0787491425871849,
      -0.028939316049218178,
      0.016253778710961342,
      -0.018393652513623238,
      0.02282406948506832,
      -0.010057802312076092,
      -0.0004553079488687217,
      0.0005530829075723886,
      0.9368519186973572,
      -0.014860461466014385,
      -0.000587587826885283,
      0.0005665042554028332,
      0.8004171848297119,
      0.007555628661066294,
      -0.1209135353565216,
      -0.0002093353687087074,
      -0.2718437612056732,
      -0.006637911777943373,
      0.0004368325462564826,
      0.0002679682511370629,
      0.31705936789512634
    ],
    [
      0.5617936849594116,
      0.6510592699050903,
      -0.8668738603591919,
      -0.1108289584517479,
      -0.8123223185539246,
      -0.020302919670939445,
      -0.04857135936617851,
      -0.1695205122232437,
      -0.05973348394036293,
      -0.20322991907596588,
      0.14915849268436432,
      -0.008837271481752396,
      7.541064405813813e-05,
      0.0007955972687341273,
      0.1583368480205536,
      0.001134888967499137,
      0.14580757915973663,
      0.00010633827332640067,
      -0.0019592458847910166,
      -0.0022798762656748295,
      0.39502283930778503,
      0.00012430733477231115,
      0.33479878306388855,
      0.0048880851827561855,
      0.20429693162441254,
      -0.00213763490319252,
      -0.12310633808374405
    ],
    [
      -0.5680421590805054,
      -0.000977213028818369,
      -0.16887496411800385,
      3.0962929725646973,
      2.56730055809021,
      -0.048160869628190994,
      0.09373841434717178,
      0.06427980214357376,
      -0.047141846269369125,
      0.19543500244617462,
      -0.1376798450946808,
      0.011920450255274773,
      -0.16436298191547394,
      -0.0008541115676052868,
      -1.1605658531188965,
      0.014511194080114365,
      -0.2731809914112091,
      -0.0004958424251526594,
      -0.7577784657478333,
      -0.009230246767401695,
      -0.4113949239253998,
      0.0003234167816117406,
      -0.007591947913169861,
      -0.0012068208307027817,
      -0.28303807973861694,
      0.0026172150392085314,
      -0.11396583914756775
    ]
  ],
  "classes": [
    0,
    1,
    2
  ]
}