{
  "n_features": 4,
  "basis_functions": [
    "x0",
    "x1",
    "x0^2",
    "x0 x1",
    "x0 x2",
    "x0 x3",
    "x1^2",
    "x1 x2",
    "x1 x3",
    "x2^2",
    "x2 x3",
    "x2^3",
    "exp_x2",
    "sin_x2",
    "x1^3",
    "exp_x1",
    "x0^3",
    "exp_x0",
    "x3^3"
  ],
  "coefficients_list": [
    [
      0.5481290710686308,
      0.17815684720327613,
      0.028672560396326385,
      0.06989381779767363,
      -0.5136244860064378,
      -0.28099858089826935,
      1.104813076926834,
      -0.3646057106834056,
      -0.19372824840409744,
      -0.2220130935481028,
      -0.0,
      0.01980835942194034,
      0.004810515853138059,
      0.5053720661737274,
      0.02113099628384662,
      -0.15067236354415212,
      0.031785605199412995,
      -0.001201328359128971,
      0.038638884328860194
    ],
    [
      -0.0,
      -0.0,
      0.06938979883526647,
      0.0,
      0.2726506404327844,
      -0.0,
      -0.061474897062043274,
      0.3847000207438251,
      0.0,
      -0.039211960841813116,
      -0.16799580021799967,
      -0.06267106548422027,
      0.006225687306840068,
      -0.0,
      -0.03342511240489664,
      0.010154717198174948,
      -0.0067562274147992514,
      0.00014765378712278224,
      -0.0989476198536138
    ],
    [
      -0.9932341229675979,
      -0.45220798403989654,
      -0.06239694207759646,
      -0.09420517476347037,
      0.3867543830616938,
      0.5056908331215034,
      -0.96140478888848,
      0.0,
      0.0,
      0.4160403767465442,
      0.14137131742722803,
      0.010233039773532113,
      -0.009887989380577514,
      -0.2513216141956327,
      -0.0,
      0.13994867770034594,
      -0.034346701168945414,
      0.0013541441804984723,
      -0.0
    ]
  ],
  "classes": [
    0,
    1,
    2
  ]
}