{
  "n_features": 4,
  "degree": 2,
  "basis_functions": [
    "x0",
    "x2",
    "x0^2",
    "x0 x1",
    "x0 x2",
    "x0 x3",
    "x1^2",
    "x1 x2",
    "x2^2",
    "x2 x3"
  ],
  "coefficients_list": [
    [
      0.0,
      -0.0,
      0.24462145300452606,
      0.0,
      -0.40808684379526194,
      -0.3313596467288742,
      0.49976550339966347,
      -0.15323189929499004,
      0.0,
      0.0
    ],
    [
      0.08483296049833605,
      0.22622331932089806,
      0.05945696901706635,
      -0.0,
      0.08753733009984836,
      -0.0,
      -0.07147524766437936,
      0.31724105119876184,
      -0.22563038186676942,
      -0.36634561407058763
    ],
    [
      -0.2892076138939238,
      0.0,
      -0.21875753446661406,
      -0.06510655034252215,
      0.2331089529305612,
      0.44476985056879226,
      -0.26252179053108254,
      -0.0,
      0.15039200457027016,
      0.0
    ]
  ],
  "classes": [
    0,
    1,
    2
  ]
}