{
  "n_features": 4,
  "degree": 2,
  "basis_functions": [
    "x0",
    "x2",
    "x0^2",
    "x0 x1",
    "x0 x2",
    "x0 x3",
    "x1^2",
    "x1 x2",
    "x2^2",
    "x2 x3"
  ],
  "coefficients_list": [
    [
      0.0,
      -0.6039648261214355,
      0.28289651286734196,
      0.011769959209332992,
      -0.4369032124830536,
      -0.6617080117498869,
      0.4446785289549997,
      -0.0,
      -0.023695915886672123,
      -0.0
    ],
    [
      0.0,
      0.28087137827728026,
      -0.0,
      -0.0,
      0.27651805605768526,
      0.0,
      -0.41731041339308195,
      0.6520802519240985,
      -0.43455312628293574,
      -0.396060944738552
    ],
    [
      -0.7751060522074776,
      0.0,
      -0.27820699724754894,
      -0.08123256141235059,
      0.2896427968329986,
      0.7396562888494566,
      -0.34944130489488656,
      -0.0568660913921428,
      0.20033462293652907,
      0.1092374118881225
    ]
  ],
  "classes": [
    0,
    1,
    2
  ]
}